Index Number,Cycle Number,Experiment Number,MS Level,Total Ion Current,Scan Start Time (min),Selected Ion m/z
0,1,1,1,59028.0194415635,0.001283333333,
1,2,1,1,122230.9918207,0.003316666667,
2,2,2,2,3218.84020773591,0.020633333333,273.205538523937
3,2,3,2,3265.32487930167,0.037683333333,285.289276626345
4,3,1,1,151798.2378085,0.039683333333,
5,3,2,2,6403.7117901903,0.057,114.090541793896
6,3,3,2,7215.75793490865,0.074033333333,142.122224570287
7,4,1,1,151358.2927798,0.07605,
8,5,1,1,152834.2068047,0.078133333333,
9,5,2,2,6469.99672942916,0.09545,128.10656035291
10,5,3,2,8034.75774659328,0.112483333333,194.116944515397
11,6,1,1,150794.5110702,0.1145,
12,6,2,2,8002.42549551653,0.131816666667,170.15363372084
13,6,3,2,6364.62322344989,0.14885,285.290066479115
14,7,1,1,168808.1248504,0.150866666667,
15,7,2,2,10715.7340013957,0.1682,142.122705296408
16,7,3,2,6387.94764552653,0.18525,273.205907511354
17,8,1,1,159431.3808676,0.18725,
18,8,2,2,10309.1427669049,0.221516666667,128.106365980142
19,9,1,1,171422.4139751,0.223583333333,
20,9,2,2,12673.3495255627,0.240916666667,114.091045658996
21,9,3,2,9339.66711965458,0.25795,285.289418368355
22,10,1,1,169510.016902,0.259966666667,
23,10,2,2,12256.0203790254,0.277283333333,142.122280536778
24,10,3,2,9131.36300747074,0.294316666667,273.205812757001
25,11,1,1,159330.0018951,0.296333333333,
26,12,1,1,161650.5811423,0.298433333333,
27,13,1,1,163753.5694989,0.3005,
28,13,2,2,11910.7211993221,0.334783333333,128.106704330208
29,14,1,1,156811.6156181,0.336833333333,
30,14,2,2,10216.0845167393,0.35415,136.021024861588
31,14,3,2,11134.482291628,0.3712,285.29001135745
32,15,1,1,162399.1587487,0.373216666667,
33,15,2,2,13423.993722199,0.390533333333,142.122390765455
34,15,3,2,10143.9998081604,0.407583333333,273.205610539358
35,16,1,1,180837.8869074,0.4096,
36,16,2,2,66522.0673994924,0.427033333333,101.107551772272
37,16,3,2,32081.3520134393,0.444066666667,131.117740387246
38,17,1,1,220364.1159725,0.446083333333,
39,17,2,2,11825.083869591,0.4804,136.021580760376
40,18,1,1,176723.9101083,0.48245,
41,18,2,2,27327.0954096241,0.499816666667,145.133057110547
42,18,3,2,16092.5574165785,0.516866666667,164.117528169045
43,19,1,1,518423.5610104,0.518866666667,
44,19,2,2,194818.9973563,0.536283333333,112.021664254298
45,19,3,2,91691.1824046486,0.553316666667,389.968986437935
46,20,1,1,297848.1484134,0.555333333333,
47,20,2,2,11073.9998854805,0.5727,278.955192826047
48,20,3,2,3965.38986364114,0.58975,280.950759516016
49,21,1,1,233032.9763391,0.591766666667,
50,21,2,2,14752.3534739129,0.60915,142.122404670912
51,21,3,2,11890.9346543584,0.626183333333,273.206127636872
52,22,1,1,231445.988398,0.628216666667,
53,22,2,2,40230.108750203,0.6456,112.021303550083
54,22,3,2,13811.5542385884,0.662633333333,285.28976715209
55,23,1,1,236410.7981871,0.66465,
56,23,2,2,5676.3898700017,0.682016666667,99.091822462457
57,23,3,2,16107.7708526409,0.69905,128.106579436626
58,24,1,1,255075.4664892,0.701066666667,
59,24,2,2,20757.2075488185,0.71845,142.122096622755
60,24,3,2,27138.8499836535,0.735483333333,170.153593853824
61,25,1,1,257497.4845412,0.7375,
62,25,2,2,13996.5913248064,0.754883333333,273.205107338191
63,25,3,2,15186.8900215505,0.771933333333,285.289617488939
64,26,1,1,304764.7400226,0.77395,
65,26,2,2,5326.99616691788,0.791333333333,99.091542798303
66,26,3,2,17829.6908004113,0.808383333333,128.106826700765
67,27,1,1,308266.1818222,0.8104,
68,27,2,2,25097.5201516648,0.827833333333,142.122689892261
69,27,3,2,39600.245371178,0.844883333333,170.153689299061
70,28,1,1,319651.9435199,0.8469,
71,28,2,2,14893.9321054487,0.8643,273.205681956916
72,28,3,2,16832.1770523125,0.88135,285.28959592888
73,29,1,1,350705.744357,0.883366666667,
74,29,2,2,22588.1164999924,0.900783333333,128.106735152297
75,29,3,2,14316.8544895787,0.917833333333,217.106834092715
76,30,1,1,309754.3372568,0.919833333333,
77,30,2,2,26648.3138123376,0.937233333333,142.122628821594
78,30,3,2,39469.5372211374,0.954283333333,170.153888778055
79,31,1,1,309873.3478573,0.9563,
80,31,2,2,25773.3225573368,0.973733333333,184.169363720744
81,31,3,2,40338.2024632833,0.990766666667,240.14942762358
82,32,1,1,319366.8635801,0.992783333333,
83,32,2,2,23295.3351302412,1.010216666667,128.106661426718
84,32,3,2,14641.6264526834,1.027266666667,273.205474206119
85,33,1,1,309579.1923007,1.029283333333,
86,33,2,2,26595.262330135,1.0467,142.122470164213
87,33,3,2,35397.4630268029,1.063733333333,170.15383376098
88,34,1,1,298540.551259,1.06575,
89,34,2,2,26023.1721285937,1.08315,184.169475265968
90,34,3,2,17891.8114109651,1.1002,285.289655281898
91,35,1,1,388086.2382133,1.102216666667,
92,35,2,2,24170.1993444179,1.11965,128.106779977076
93,35,3,2,27473.5043067533,1.136683333333,440.123285464648
94,36,1,1,307700.2679016,1.1387,
95,36,2,2,26749.1263311814,1.156133333333,142.122565331496
96,36,3,2,33758.3678644328,1.173166666667,170.153977395092
97,37,1,1,337015.9526695,1.175183333333,
98,37,2,2,122166.5744803,1.1926,237.015211994966
99,37,3,2,17560.2391681069,1.209633333333,285.290192916249
100,38,1,1,296325.793991,1.21165,
101,38,2,2,23734.4177211708,1.229066666667,128.106668399374
102,38,3,2,24353.8158172885,1.246116666667,184.169093367647
103,39,1,1,280825.5239217,1.248133333333,
104,39,2,2,26682.4396122809,1.26555,142.122606708427
105,39,3,2,33153.2478320555,1.282583333333,170.153700395835
106,40,1,1,285779.652439,1.2846,
107,40,2,2,15419.0017621361,1.302016666667,273.205847772385
108,40,3,2,17732.6004836518,1.31905,285.290040702256
109,41,1,1,276564.0333522,1.321066666667,
110,41,2,2,23887.5797320025,1.338483333333,128.106727238447
111,41,3,2,21919.0108085971,1.355533333333,184.16965818702
112,42,1,1,403411.3087332,1.35755,
113,42,2,2,24355.7670213037,1.374966666667,142.122646354868
114,42,3,2,680413.3963679,1.392016666667,221.020256078351
115,43,1,1,1767277.188161,1.394066666667,
116,43,2,2,6816.25724258333,1.411466666667,187.032453160943
117,43,3,2,21171.1991957025,1.4285,224.018871945425
118,44,1,1,262339.4961893,1.430516666667,
119,44,2,2,32982.7871267395,1.447816666667,170.153201668797
120,44,3,2,17139.7441012603,1.464866666667,285.288927559519
121,45,1,1,292977.0163081,1.466883333333,
122,45,2,2,27111.1290412874,1.484283333333,142.122376830942
123,45,3,2,40454.0369119035,1.501316666667,221.020039806081
124,46,1,1,268549.8445246,1.503333333333,
125,46,2,2,23543.3691437565,1.520766666667,128.106824342814
126,46,3,2,15011.7983401182,1.5378,273.205867056293
127,47,1,1,324712.7153161,1.5398,
128,47,2,2,33932.043775042,1.5572,170.153896083741
129,47,3,2,78619.0457854141,1.57425,282.196504119673
130,48,1,1,347826.786213,1.576266666667,
131,48,2,2,27932.3612031619,1.593666666667,142.122789053375
132,48,3,2,13048.5139543285,1.610716666667,243.242799745079
133,49,1,1,299781.8800021,1.612716666667,
134,49,2,2,25440.3255169331,1.630116666667,128.106739674636
135,49,3,2,10984.9288656223,1.647166666667,295.088292971607
136,50,1,1,307592.2090125,1.649166666667,
137,50,2,2,35268.2791045521,1.6666,170.153293006121
138,50,3,2,15991.0830193905,1.68365,312.206459272884
139,51,1,1,312397.5336639,1.685666666667,
140,51,2,2,25955.6401262977,1.703083333333,142.12237373889
141,51,3,2,12469.0926901642,1.720133333333,252.992061176425
142,52,1,1,285863.9387919,1.72215,
143,52,2,2,24574.5284122448,1.73955,128.106735669518
144,52,3,2,12085.5603472738,1.7566,282.196338655743
145,53,1,1,287265.4099733,1.758616666667,
146,53,2,2,34081.3037240867,1.776016666667,170.153505349314
147,53,3,2,18289.2226549618,1.793066666667,285.289781157551
148,54,1,1,289742.0042249,1.795083333333,
149,54,2,2,27658.2965679995,1.812516666667,142.122528642454
150,54,3,2,15130.100012597,1.82955,273.205809591068
151,55,1,1,281226.5673148,1.831566666667,
152,55,2,2,23930.0054198251,1.848983333333,128.106905174508
153,55,3,2,11125.1746771475,1.866033333333,282.196109341838
154,56,1,1,334995.5643696,1.868033333333,
155,56,2,2,34381.330640539,1.885466666667,170.153673738719
156,56,3,2,19944.7269101672,1.902516666667,295.088096335952
157,57,1,1,331219.4009216,1.904516666667,
158,57,2,2,27548.1164417079,1.92195,142.122428225843
159,57,3,2,78778.3298433464,1.939,256.156269563257
160,58,1,1,324447.5730792,1.941016666667,
161,58,2,2,23325.8710981472,1.958416666667,128.106889185756
162,58,3,2,15886.3278199006,1.975466666667,273.205747903698
163,59,1,1,316122.2037402,1.977483333333,
164,59,2,2,33474.5492649281,1.9949,170.153820502753
165,59,3,2,18574.2908709641,2.01195,285.290143979443
166,60,1,1,298903.0516887,2.013966666667,
167,60,2,2,27901.2825011669,2.031366666667,142.122702552869
168,60,3,2,11515.468250211,2.048416666667,282.19640312047
169,61,1,1,283182.662917,2.050433333333,
170,61,2,2,34863.3495717019,2.067866666667,256.156137357372
171,61,3,2,15063.3526594056,2.0849,273.205575409363
172,62,1,1,296159.3197092,2.086916666667,
173,62,2,2,24206.5518291678,2.10435,128.106474644242
174,62,3,2,34996.4856179974,2.121383333333,170.153593319793
175,63,1,1,981544.5907415,2.123416666667,
176,63,2,2,868559.5700497,2.14085,279.093699035347
177,63,3,2,983506.1773195,2.157883333333,557.180008917396
178,64,1,1,21786412.22481,2.15995,
179,64,2,2,288581.6451588,2.177333333333,281.10012005033
180,64,3,2,76536.6505117127,2.194316666667,579.161587291045
181,65,1,1,11821976.88427,2.196333333333,
182,65,2,2,27443.4217442824,2.2136,301.074963320882
183,65,3,2,2071.54114889973,2.23065,857.248098474057
184,66,1,1,1412252.431871,2.232666666667,
185,66,2,2,221200.7346867,2.249883333333,279.093465954427
186,66,3,2,19190.9872712201,2.266933333333,557.178931399866
187,67,1,1,1735176.534471,2.268933333333,
188,67,2,2,208534.2294056,2.286283333333,387.180061166788
189,67,3,2,255112.5843677,2.303316666667,404.206578708025
190,68,1,1,839118.1136308,2.30535,
191,68,2,2,32383.4412360665,2.322766666667,520.290077329917
192,68,3,2,10405.5095655261,2.3398,534.30603933366
193,69,1,1,437498.0435962,2.341816666667,
194,69,2,2,27262.144816742,2.359266666667,142.122373820666
195,69,3,2,109440.1875091,2.3763,279.093463391146
196,70,1,1,388442.9313112,2.378333333333,
197,70,2,2,24538.9811181638,2.395766666667,128.106619634733
198,70,3,2,34932.3289666811,2.412816666667,170.153777870157
199,71,1,1,446963.0927081,2.414816666667,
200,71,2,2,11557.4688374252,2.43225,250.999916382648
201,71,3,2,43537.7040945467,2.449283333333,256.156148707172
202,72,1,1,581470.2204827,2.4513,
203,72,2,2,84506.4819235625,2.468733333333,279.09339620782
204,72,3,2,44960.55929003,2.485783333333,331.002105422664
205,73,1,1,454295.5067834,2.487783333333,
206,73,2,2,26228.4439892125,2.505233333333,142.12253141932
207,73,3,2,5866.92357749226,2.522283333333,252.996785019849
208,74,1,1,424808.8672482,2.524283333333,
209,74,2,2,34606.6425810279,2.541733333333,170.153575081917
210,74,3,2,9346.47221504551,2.558766666667,250.999918907051
211,75,1,1,405194.7081087,2.560783333333,
212,75,2,2,69430.4724440568,2.578233333333,279.093289678358
213,75,3,2,11776.9490956255,2.595266666667,366.248137481493
214,76,1,1,378043.5182411,2.597283333333,
215,76,2,2,26422.3771143702,2.614733333333,128.106802880473
216,76,3,2,26865.0550875126,2.631766666667,142.1226627917
217,77,1,1,372002.9365879,2.6338,
218,77,2,2,35589.821857735,2.65125,170.153898167158
219,77,3,2,76156.9706503438,2.668283333333,350.130056016219
220,78,1,1,390434.4475238,2.6703,
221,78,2,2,51630.9509995559,2.687733333333,279.093254822258
222,78,3,2,18232.7120936199,2.704766666667,285.289554248733
223,79,1,1,360231.9668816,2.706783333333,
224,79,2,2,26748.1378057153,2.7242,142.122521149789
225,79,3,2,36712.2222938301,2.74125,387.180320599862
226,80,1,1,375696.0208616,2.74325,
227,80,2,2,25573.7541053268,2.7607,128.10669546621
228,80,3,2,34675.5133022554,2.777733333333,170.153598804967
229,81,1,1,341957.7576295,2.77975,
230,81,2,2,44343.9098876712,2.797183333333,279.093479748571
231,81,3,2,18172.3442220578,2.814233333333,285.289938149613
232,82,1,1,363621.7438281,2.816233333333,
233,82,2,2,27805.6240802899,2.83365,142.122743298019
234,82,3,2,17441.4359321928,2.8507,295.088192009389
235,83,1,1,352198.20553,2.852716666667,
236,83,2,2,25317.1552758189,2.87015,128.106818733206
237,83,3,2,36166.3555745644,2.8872,170.153525836879
238,84,1,1,355280.9486419,2.889216666667,
239,84,2,2,39406.7414276566,2.906633333333,279.093301796422
240,84,3,2,17883.3776667802,2.923683333333,285.290089596914
241,85,1,1,338732.2592515,2.9257,
242,85,2,2,14987.5070059793,2.943116666667,136.021348606379
243,85,3,2,29642.2180574275,2.960166666667,142.122621290066
244,86,1,1,308805.0182565,2.962166666667,
245,86,2,2,24626.1196154178,2.9796,128.106598801722
246,86,3,2,35390.3987736307,2.996633333333,170.153916686494
247,87,1,1,339765.9434623,2.99865,
248,87,2,2,34267.3807548681,3.016083333333,279.093304053883
249,87,3,2,18453.5507738064,3.033133333333,285.289750774139
250,88,1,1,336690.0026006,3.035133333333,
251,88,2,2,29177.111219631,3.05255,142.122585513896
252,88,3,2,9037.93703474484,3.0696,313.053544341469
253,89,1,1,335738.3351394,3.071616666667,
254,89,2,2,25416.601747795,3.08905,128.106502738729
255,89,3,2,36835.064482206,3.1061,170.153977303055
256,90,1,1,357252.0786688,3.108116666667,
257,90,2,2,25286.2678944905,3.12555,256.156067046218
258,90,3,2,31172.0934292508,3.142583333333,279.093638141176
259,91,1,1,339017.1147393,3.1446,
260,91,2,2,29352.9622381083,3.162016666667,142.122773354329
261,91,3,2,17806.2236944755,3.179066666667,285.289736602892
262,92,1,1,351070.4334233,3.181083333333,
263,92,2,2,36628.2591863687,3.198516666667,170.154055372653
264,92,3,2,15220.0322215511,3.215566666667,273.205583659813
265,93,1,1,349888.0510834,3.217566666667,
266,93,2,2,26636.3938404817,3.234983333333,128.106798779803
267,93,3,2,29375.3399610182,3.252033333333,279.093115826489
268,94,1,1,350749.9506356,3.254033333333,
269,94,2,2,28606.1672190134,3.27145,142.122445953759
270,94,3,2,18195.6301127281,3.2885,285.289510562524
271,95,1,1,343970.3140007,3.290516666667,
272,95,2,2,37032.9295754568,3.307933333333,170.153859650086
273,95,3,2,15253.4242387833,3.324983333333,273.205541054127
274,96,1,1,368455.4922108,3.327,
275,96,2,2,25294.5563808812,3.34445,128.106631974372
276,96,3,2,27595.9556400808,3.361483333333,279.092521067058
277,97,1,1,337853.111435,3.3635,
278,97,2,2,30080.9365075939,3.380916666667,142.122603028947
279,97,3,2,18198.2450778677,3.39795,285.289621376081
280,98,1,1,359445.4500186,3.399983333333,
281,98,2,2,36509.030482842,3.417433333333,170.153866924025
282,98,3,2,14886.9525936736,3.434466666667,273.205309138255
283,99,1,1,335782.6988073,3.436483333333,
284,99,2,2,25678.4280248199,3.4539,128.106413829417
285,99,3,2,25736.4268588929,3.47095,279.093350841951
286,100,1,1,325260.6511825,3.47295,
287,100,2,2,28263.2870223833,3.490366666667,142.122216839551
288,100,3,2,18404.0498350843,3.507416666667,285.28942541503
289,101,1,1,328840.1881037,3.509433333333,
290,101,2,2,36879.2811572618,3.526866666667,170.153623199009
291,101,3,2,15216.1227722091,3.5439,273.205839748938
292,102,1,1,357516.360298,3.545916666667,
293,102,2,2,26315.2848142938,3.563333333333,128.106921212128
294,102,3,2,23735.4433952091,3.580383333333,279.093335023013
295,103,1,1,344733.2258344,3.5824,
296,103,2,2,29327.9341731705,3.599816666667,142.122438207841
297,103,3,2,18409.5362884109,3.61685,285.289550430933
298,104,1,1,329623.5310991,3.618866666667,
299,104,2,2,35817.8840979533,3.636283333333,170.153739941978
300,104,3,2,25368.6567209664,3.653316666667,256.156340067574
301,105,1,1,336858.7263228,3.655333333333,
302,105,2,2,25997.7175550826,3.672766666667,128.106713375759
303,105,3,2,22622.8838672146,3.689816666667,279.093135121681
304,106,1,1,351566.1947266,3.691816666667,
305,106,2,2,29636.4827435268,3.709266666667,142.122568019323
306,106,3,2,18171.1690189116,3.7263,285.289663130078
307,107,1,1,345752.2765849,3.728316666667,
308,107,2,2,36661.3393232582,3.745766666667,170.153483316685
309,107,3,2,15247.7303520837,3.7628,273.205710964209
310,108,1,1,345507.1863421,3.764816666667,
311,108,2,2,27204.2255955835,3.78225,128.106834046592
312,108,3,2,20866.3313051552,3.799283333333,279.093135122554
313,109,1,1,341419.8388377,3.8013,
314,109,2,2,29814.9975114205,3.818733333333,142.12239648524
315,109,3,2,18369.2938532965,3.835783333333,285.289803721137
316,110,1,1,337114.1293989,3.8378,
317,110,2,2,37141.1087167009,3.85525,170.153641453521
318,110,3,2,14906.5699019707,3.8723,273.205622751014
319,111,1,1,339513.841886,3.8743,
320,111,2,2,26749.0722758526,3.891716666667,128.106632673591
321,111,3,2,19817.4456200636,3.908766666667,279.093425707186
322,112,1,1,364069.2592493,3.910766666667,
323,112,2,2,30482.2331970886,3.928216666667,142.122275219271
324,112,3,2,18244.8736025747,3.945266666667,285.289481944354
325,113,1,1,345346.5622116,3.947266666667,
326,113,2,2,37252.2197329003,3.9647,170.153351824177
327,113,3,2,24739.2130973487,3.981733333333,256.155864144864
328,114,1,1,383819.6957146,3.983766666667,
329,114,2,2,26198.2628754885,4.0012,128.106726127971
330,114,3,2,171626.3146535,4.01825,295.070354301017
331,115,1,1,494128.8591949,4.020266666667,
332,115,2,2,29170.8091027403,4.0377,142.122448083161
333,115,3,2,19427.7451320455,4.05475,279.093298692543
334,116,1,1,444110.969571,4.056766666667,
335,116,2,2,37024.4481927794,4.074216666667,170.153956235015
336,116,3,2,19138.1516766967,4.09125,285.290041592615
337,117,1,1,364580.8010568,4.093283333333,
338,117,2,2,26981.9962021321,4.11075,128.106709374307
339,117,3,2,7459.93130132126,4.1278,295.070399893661
340,118,1,1,353526.4424775,4.129783333333,
341,118,2,2,29607.8141545233,4.147216666667,142.122643490923
342,118,3,2,20218.579056609,4.16425,279.093397974547
343,119,1,1,362252.4781939,4.166266666667,
344,119,2,2,37658.0516412248,4.1837,170.15368986414
345,119,3,2,16057.0460881561,4.20075,273.205539024769
346,120,1,1,354230.2739275,4.202766666667,
347,120,2,2,26786.0306162902,4.2202,128.106815450853
348,120,3,2,18569.7063688143,4.237233333333,285.289377738304
349,121,1,1,359271.8422857,4.239266666667,
350,121,2,2,28745.3690023199,4.256683333333,142.122571959824
351,121,3,2,18951.1934466752,4.273733333333,279.093592280799
352,122,1,1,383840.118944,4.27575,
353,122,2,2,36965.8702273213,4.293183333333,170.153651140105
354,122,3,2,15646.1614284054,4.310233333333,273.205408473743
355,123,1,1,389060.9669792,4.312233333333,
356,123,2,2,26326.4702142773,4.329666666667,128.106615023571
357,123,3,2,20546.5528564945,4.3467,285.289469284159
358,124,1,1,382638.3061254,4.348716666667,
359,124,2,2,29111.0329263931,4.36615,142.122584744379
360,124,3,2,18630.4665092048,4.3832,279.093233044992
361,125,1,1,358992.6352842,4.385216666667,
362,125,2,2,37573.2856104433,4.40265,170.153920012981
363,125,3,2,22584.2255125721,4.419683333333,184.169314847108
364,126,1,1,379883.9658521,4.421716666667,
365,126,2,2,27323.1211852768,4.439166666667,128.106699475419
366,126,3,2,18903.0040686101,4.4562,285.289751388071
367,127,1,1,353590.5230808,4.458216666667,
368,127,2,2,31130.9592047057,4.47565,142.12250725696
369,127,3,2,17749.3177974997,4.4927,279.0932617335
370,128,1,1,353194.0096272,4.494716666667,
371,128,2,2,38227.9781055724,4.51215,170.153779244702
372,128,3,2,24752.4651662755,4.5292,256.156166929393
373,129,1,1,367512.1850608,4.531216666667,
374,129,2,2,27893.6843652925,4.548716666667,128.10651073659
375,129,3,2,18967.4653470959,4.565766666667,285.290062330951
376,130,1,1,362744.4309223,4.567783333333,
377,130,2,2,29586.3768623087,4.585233333333,142.122706921617
378,130,3,2,17927.6079808666,4.602266666667,279.093135136688
379,131,1,1,382023.7544298,4.604283333333,
380,131,2,2,39309.3960867882,4.621733333333,170.153683620938
381,131,3,2,15835.9720192617,4.638783333333,273.20564986399
382,132,1,1,375048.5564206,4.6408,
383,132,2,2,26687.6508992542,4.658233333333,128.106720855726
384,132,3,2,18037.8772558505,4.675283333333,285.289876508675
385,133,1,1,437232.7908988,4.677283333333,
386,133,2,2,30608.5532894315,4.694716666667,142.122263090978
387,133,3,2,151865.7538411,4.711766666667,298.203067761617
388,134,1,1,577101.0982625,4.7138,
389,134,2,2,38150.2574888581,4.731233333333,170.153595398497
390,134,3,2,21782.4212445658,4.748283333333,313.190709852914
391,135,1,1,467698.7438745,4.7503,
392,135,2,2,28118.5976096115,4.76775,128.106422442082
393,135,3,2,17071.3488322873,4.7848,279.093298960697
394,136,1,1,391912.6487063,4.786816666667,
395,136,2,2,31147.3688634974,4.804266666667,142.122355643641
396,136,3,2,18565.4389557492,4.8213,285.289702752729
397,137,1,1,379255.1010909,4.823316666667,
398,137,2,2,37555.2231948967,4.840766666667,170.153809242642
399,137,3,2,15519.1393641491,4.857816666667,273.205869953022
400,138,1,1,387509.7738936,4.859816666667,
401,138,2,2,27323.7389266572,4.877283333333,128.10677189154
402,138,3,2,16525.0080557014,4.894316666667,279.093561812734
403,139,1,1,407125.5659758,4.896333333333,
404,139,2,2,30752.0265125104,4.9138,142.122500815444
405,139,3,2,36489.696679086,4.930833333333,298.203218361469
406,140,1,1,391775.4610499,4.932866666667,
407,140,2,2,37881.1897847593,4.9503,170.153956684822
408,140,3,2,18723.6876539659,4.96735,285.289857462951
409,141,1,1,402249.0722021,4.969366666667,
410,141,2,2,25974.2163756524,4.986816666667,128.106795615875
411,141,3,2,16514.737161548,5.003866666667,273.205408151374
412,142,1,1,383764.7598693,5.005883333333,
413,142,2,2,30913.2322953017,5.023316666667,142.122434889978
414,142,3,2,37451.5035226032,5.04035,298.20293349436
415,143,1,1,402390.9288456,5.042366666667,
416,143,2,2,39137.7005288064,5.059816666667,170.153691610051
417,143,3,2,17873.0704079763,5.076866666667,285.289429312145
418,144,1,1,392856.648432,5.078866666667,
419,144,2,2,26330.0661503312,5.096316666667,128.106700890289
420,144,3,2,16203.5163409562,5.113366666667,279.092541330111
421,145,1,1,402807.9487673,5.115366666667,
422,145,2,2,31206.2457667295,5.132833333333,142.122284489571
423,145,3,2,37787.5830301801,5.149866666667,298.202775950489
424,146,1,1,409236.9234156,5.1519,
425,146,2,2,38352.0366287602,5.16935,170.153750011948
426,146,3,2,18779.453451659,5.186383333333,285.289747163773
427,147,1,1,403937.8796701,5.1884,
428,147,2,2,27654.0362368018,5.205833333333,128.106704942951
429,147,3,2,8660.31831818417,5.222883333333,355.124162326005
430,148,1,1,402152.9391485,5.224883333333,
431,148,2,2,32271.7906213132,5.242333333333,142.122274512487
432,148,3,2,35527.6202687964,5.259383333333,298.203127243353
433,149,1,1,418847.0144138,5.261383333333,
434,149,2,2,38869.7357398418,5.278833333333,170.153598113764
435,149,3,2,17154.0414417388,5.295866666667,273.205499761236
436,150,1,1,394810.9859213,5.297883333333,
437,150,2,2,27386.6758121591,5.315333333333,128.106240170592
438,150,3,2,19922.450048499,5.332366666667,285.290072363455
439,151,1,1,403581.2459241,5.334383333333,
440,151,2,2,29888.3210887855,5.351833333333,142.122502585208
441,151,3,2,24699.6816063167,5.368866666667,256.156463233178
442,152,1,1,403015.738699,5.370883333333,
443,152,2,2,38844.8744257575,5.388316666667,170.153706638717
444,152,3,2,15846.2181620096,5.40535,279.093295768176
445,153,1,1,397520.6491285,5.407383333333,
446,153,2,2,27080.6090215025,5.4248,128.106803268515
447,153,3,2,37942.5248587382,5.44185,298.202490815192
448,154,1,1,389766.2180147,5.443866666667,
449,154,2,2,31296.4946563053,5.461316666667,142.122287523996
450,154,3,2,19388.9114904364,5.47835,285.289864410214
451,155,1,1,409429.5185769,5.480366666667,
452,155,2,2,38167.0227199665,5.4978,170.153774109009
453,155,3,2,16034.8273941734,5.51485,273.20546405904
454,156,1,1,401744.1831547,5.516866666667,
455,156,2,2,38877.7275378143,5.534316666667,298.203048813238
456,156,3,2,25184.7215123968,5.551366666667,355.124291612822
457,157,1,1,419824.0130889,5.553366666667,
458,157,2,2,27882.2966520522,5.57085,128.106693954724
459,157,3,2,30734.8421651095,5.5879,142.122432697952
460,158,1,1,407349.9281087,5.589916666667,
461,158,2,2,38978.5832740238,5.607383333333,170.153840377768
462,158,3,2,18373.9567890021,5.624416666667,285.290158255946
463,159,1,1,416024.854415,5.626433333333,
464,159,2,2,15562.4572092276,5.643866666667,279.092509771454
465,159,3,2,12360.4604857992,5.660916666667,282.1958585992
466,160,1,1,402514.2264973,5.662933333333,
467,160,2,2,31312.3161349906,5.680383333333,142.122495587496
468,160,3,2,40735.7513199836,5.697416666667,298.203180302365
469,161,1,1,423075.0382721,5.699433333333,
470,161,2,2,28621.3311239062,5.716883333333,128.106639912918
471,161,3,2,37919.6316278165,5.733933333333,170.153658639536
472,162,1,1,415144.1410433,5.735933333333,
473,162,2,2,15864.8371655468,5.753366666667,273.20554491266
474,162,3,2,18928.1323078768,5.770416666667,285.289831654162
475,163,1,1,444719.669316,5.772433333333,
476,163,2,2,30393.0440915971,5.789883333333,142.12241923943
477,163,3,2,62933.1037869607,5.806933333333,288.25300242634
478,164,1,1,511909.3596816,5.80895,
479,164,2,2,39993.40256213,5.8264,170.153593478363
480,164,3,2,22229.3196651595,5.84345,310.235036658929
481,165,1,1,561547.3089731,5.84545,
482,165,2,2,26854.6017958533,5.862933333333,128.106653988249
483,165,3,2,18724.9961731778,5.879983333333,285.289638201825
484,166,1,1,491312.7469055,5.882,
485,166,2,2,25752.6418418926,5.899433333333,288.25318079372
486,166,3,2,59921.2729884012,5.916483333333,298.203538966671
487,167,1,1,461458.2465625,5.9185,
488,167,2,2,32295.8938204168,5.93595,142.122288151318
489,167,3,2,38571.3531059088,5.953,170.153413933869
490,168,1,1,434313.6442672,5.955016666667,
491,168,2,2,27335.9252376728,5.972466666667,128.106496683262
492,168,3,2,23071.0901573566,5.989516666667,267.185723745238
493,169,1,1,445861.4014058,5.991533333333,
494,169,2,2,15588.8824782133,6.009,288.252864232184
495,169,3,2,22296.7541085981,6.026033333333,299.209968723305
496,170,1,1,450430.7023172,6.02805,
497,170,2,2,30959.0747516591,6.045516666667,142.122563103401
498,170,3,2,44134.1080031981,6.062566666667,298.202772325809
499,171,1,1,430768.2905969,6.064583333333,
500,171,2,2,29207.1010673961,6.082033333333,128.106739427015
501,171,3,2,40019.3141319985,6.099083333333,170.153749139329
502,172,1,1,435319.4527783,6.1011,
503,172,2,2,16101.5661660713,6.11855,273.205611107113
504,172,3,2,19466.6054806329,6.135583333333,285.289722628151
505,173,1,1,446590.5655765,6.1376,
506,173,2,2,33360.9921458319,6.155033333333,142.122776576583
507,173,3,2,22237.7600444086,6.172083333333,299.209849227522
508,174,1,1,424763.452291,6.174116666667,
509,174,2,2,29400.5337662806,6.19155,128.106564818253
510,174,3,2,40908.595474015,6.2086,170.153468674155
511,175,1,1,464829.4449046,6.210616666667,
512,175,2,2,16641.6219121494,6.228066666667,273.205474763136
513,175,3,2,18661.2803598278,6.245116666667,285.289748970483
514,176,1,1,455671.1290708,6.247116666667,
515,176,2,2,29757.7055327935,6.264583333333,142.122500989001
516,176,3,2,13363.893503522,6.281633333333,288.253518429751
517,177,1,1,450136.8084376,6.283633333333,
518,177,2,2,28930.7099386611,6.3011,128.106682506812
519,177,3,2,40700.9910095244,6.318133333333,170.15392726899
520,178,1,1,422200.1954166,6.32015,
521,178,2,2,19469.5507860265,6.3376,285.289978368417
522,178,3,2,43228.7458206019,6.35465,298.203226848904
523,179,1,1,446589.6704464,6.356666666667,
524,179,2,2,31299.0775934879,6.374116666667,142.122558711131
525,179,3,2,12725.7383209714,6.39115,282.19615942223
526,180,1,1,432165.8218638,6.393166666667,
527,180,2,2,27773.8075755055,6.410633333333,128.106653125009
528,180,3,2,40183.3934288395,6.427666666667,170.154009637251
529,181,1,1,445982.1127575,6.429683333333,
530,181,2,2,19568.6128233302,6.44715,285.28994819707
531,181,3,2,12805.0255624056,6.464183333333,288.252832385019
532,182,1,1,459184.1454094,6.466216666667,
533,182,2,2,30972.3625173647,6.483683333333,142.122778905276
534,182,3,2,15495.3006450955,6.500733333333,273.205756947678
535,183,1,1,481124.7925032,6.502733333333,
536,183,2,2,41714.7588509844,6.5202,298.203324374071
537,183,3,2,128548.7642182,6.537233333333,361.321123714982
538,184,1,1,671896.5816251,6.539266666667,
539,184,2,2,40052.5388741484,6.556733333333,170.153479659684
540,184,3,2,32188.2207760862,6.573766666667,302.247619856027
541,185,1,1,939007.926172,6.575766666667,
542,185,2,2,32475.2558681889,6.59325,142.12254030108
543,185,3,2,22585.8304776355,6.6103,363.3271643329
544,186,1,1,715395.4519488,6.612316666667,
545,186,2,2,41382.5387193658,6.6297,298.203647337653
546,186,3,2,110380.2686809,6.646733333333,361.321712604901
547,187,1,1,485338.4816634,6.64875,
548,187,2,2,40438.2193147906,6.666216666667,170.153815754176
549,187,3,2,5698.16759016975,6.683266666667,302.247476815908
550,188,1,1,459504.6642306,6.685266666667,
551,188,2,2,32796.3356851406,6.702733333333,142.122561952406
552,188,3,2,17901.5872141616,6.719783333333,331.216465207654
553,189,1,1,448846.0706402,6.721783333333,
554,189,2,2,28847.320177608,6.73925,128.106511776135
555,189,3,2,40667.6383098573,6.7563,298.203451550712
556,190,1,1,451364.2703254,6.7583,
557,190,2,2,41597.0513049791,6.775766666667,170.154114872264
558,190,3,2,12882.6876201958,6.792816666667,282.195860957291
559,191,1,1,446599.1176647,6.794816666667,
560,191,2,2,33293.3265738275,6.812283333333,142.12238056917
561,191,3,2,25902.2859766448,6.829333333333,361.321330840639
562,192,1,1,467563.0501904,6.83135,
563,192,2,2,29118.3218314876,6.8488,128.106675123089
564,192,3,2,37971.0655845513,6.865833333333,269.20054241467
565,193,1,1,480748.962802,6.86785,
566,193,2,2,40958.2851177127,6.885316666667,170.153533113505
567,193,3,2,39637.5633668662,6.902366666667,298.203200764892
568,194,1,1,459645.9190353,6.904383333333,
569,194,2,2,32656.9344430096,6.92185,142.122356139097
570,194,3,2,33591.6352036511,6.938883333333,361.320555816097
571,195,1,1,500100.7194979,6.9409,
572,195,2,2,29017.2184835565,6.958383333333,128.106565934909
573,195,3,2,29536.3011570643,6.975416666667,269.200568841163
574,196,1,1,464750.1458798,6.97745,
575,196,2,2,42784.7297373041,6.9949,170.153409411106
576,196,3,2,30031.1441412827,7.01195,299.210407612336
577,197,1,1,464354.9793176,7.01395,
578,197,2,2,32416.5145651568,7.031416666667,142.122576598201
579,197,3,2,18830.919927252,7.048466666667,285.28966645231
580,198,1,1,472633.5563997,7.050483333333,
581,198,2,2,28806.3392952305,7.067933333333,128.106757431777
582,198,3,2,28737.3058091779,7.084966666667,269.20078816961
583,199,1,1,472043.2491378,7.087,
584,199,2,2,41541.7403420337,7.104466666667,170.153765681488
585,199,3,2,13480.4515032487,7.1215,282.196041849793
586,200,1,1,484330.7609025,7.123516666667,
587,200,2,2,31571.0632284877,7.140966666667,142.122794222047
588,200,3,2,19537.1895568246,7.158016666667,285.289886318518
589,201,1,1,484785.2747875,7.160033333333,
590,201,2,2,27385.4437921335,7.1775,269.201365622161
591,201,3,2,49582.3234603715,7.194533333333,298.203453155452
592,202,1,1,490114.5724126,7.19655,
593,202,2,2,29990.2060929984,7.214033333333,128.106509208395
594,202,3,2,41616.3919487909,7.231066666667,170.153918423989
595,203,1,1,492287.3716618,7.233083333333,
596,203,2,2,33271.3409645688,7.25055,142.122865969976
597,203,3,2,18837.527234331,7.2676,285.289281546482
598,204,1,1,488359.8314704,7.269616666667,
599,204,2,2,27212.0451514808,7.287083333333,269.200576301758
600,204,3,2,13370.8925942149,7.304133333333,282.196021508952
601,205,1,1,506062.6028417,7.30615,
602,205,2,2,27980.7223129161,7.323616666667,128.106651846658
603,205,3,2,41026.4192758157,7.340666666667,170.1539056691
604,206,1,1,521804.4706917,7.342683333333,
605,206,2,2,33659.2270285097,7.36015,142.122321551139
606,206,3,2,16488.0257124503,7.377183333333,273.205715283269
607,207,1,1,501400.9841381,7.3792,
608,207,2,2,25985.6049423489,7.396683333333,269.200507731794
609,207,3,2,19697.499039394,7.413716666667,285.289184967265
610,208,1,1,513935.0649478,7.415733333333,
611,208,2,2,28431.75172373,7.4332,128.106617446199
612,208,3,2,41352.7550871327,7.450233333333,170.153891100044
613,209,1,1,494437.618298,7.45225,
614,209,2,2,33793.6004387274,7.469716666667,142.122517852139
615,209,3,2,16979.5162852938,7.486766666667,273.205441548182
616,210,1,1,496739.6184425,7.488783333333,
617,210,2,2,25610.936476864,7.506266666667,269.200406383104
618,210,3,2,63958.6677704461,7.523316666667,299.211248722793
619,211,1,1,474673.6551737,7.525333333333,
620,211,2,2,30000.9351213924,7.542783333333,128.106537655003
621,211,3,2,41358.0262980203,7.559816666667,170.153458727372
622,212,1,1,491987.4218405,7.561833333333,
623,212,2,2,34199.6927230069,7.5793,142.122421644452
624,212,3,2,19263.9196885634,7.59635,285.289830002945
625,213,1,1,492117.2351096,7.598366666667,
626,213,2,2,23884.9899760816,7.615833333333,269.200795129676
627,213,3,2,13569.8711059899,7.632883333333,282.196325359113
628,214,1,1,497007.0273912,7.6349,
629,214,2,2,29616.8455329364,7.652383333333,128.106724797966
630,214,3,2,41644.1905825485,7.669416666667,170.154017775235
631,215,1,1,490927.8245997,7.671433333333,
632,215,2,2,32057.8274291981,7.6889,142.122609284015
633,215,3,2,62525.1633344613,7.70595,299.211207675694
634,216,1,1,493818.5952881,7.707966666667,
635,216,2,2,24122.9600949748,7.72545,269.200861204357
636,216,3,2,13260.9436423957,7.7425,282.19576255216
637,217,1,1,505550.7487601,7.7445,
638,217,2,2,43240.8041642913,7.761966666667,170.153558985221
639,217,3,2,93052.7327080507,7.779016666667,363.336408419638
640,218,1,1,644300.4876722,7.781033333333,
641,218,2,2,32389.6129550393,7.7985,142.122503988833
642,218,3,2,29931.7592539392,7.815533333333,304.263047934639
643,219,1,1,889557.6086993,7.81755,
644,219,2,2,28800.6241391705,7.835033333333,128.106798728211
645,219,3,2,20329.0772408099,7.852083333333,365.342545371427
646,220,1,1,815649.3774377,7.8541,
647,220,2,2,42361.0048408671,7.871533333333,170.154043467594
648,220,3,2,143848.3553766,7.888583333333,363.336984287211
649,221,1,1,606638.1684622,7.8906,
650,221,2,2,31855.5957191828,7.908083333333,142.122735719503
651,221,3,2,8599.17883827466,7.925116666667,304.263120908152
652,222,1,1,535798.3278826,7.92715,
653,222,2,2,30302.4089866803,7.944633333333,128.106564293659
654,222,3,2,51604.3821782797,7.961666666667,368.215294716426
655,223,1,1,519778.2163799,7.963683333333,
656,223,2,2,43141.4151019584,7.981166666667,170.153787628577
657,223,3,2,24293.6202648669,7.9982,269.200569342575
658,224,1,1,661799.0583425,8.000233333333,
659,224,2,2,32772.6821123216,8.017716666667,142.122785018974
660,224,3,2,217678.1933698,8.034766666667,387.336983134783
661,225,1,1,967202.9207449,8.036783333333,
662,225,2,2,35980.341154681,8.054283333333,328.263187619131
663,225,3,2,219217.6853147,8.071316666667,363.336477964447
664,226,1,1,1323628.660169,8.073333333333,
665,226,2,2,54025.4748164672,8.0908,299.210844835632
666,226,3,2,36494.5876555537,8.10785,304.263495497933
667,227,1,1,894286.7871682,8.109866666667,
668,227,2,2,32971.040638087,8.127283333333,142.122403411837
669,227,3,2,46392.1495784595,8.144333333333,387.337034555785
670,228,1,1,647748.1241295,8.14635,
671,228,2,2,43234.0299218868,8.163816666667,170.153904404565
672,228,3,2,52471.0101592695,8.180866666667,363.336909162717
673,229,1,1,558979.3980984,8.182866666667,
674,229,2,2,74630.8201002477,8.20035,174.127576788253
675,229,3,2,19629.206380893,8.2174,368.21507843544
676,230,1,1,544327.2586497,8.2194,
677,230,2,2,31598.2330410003,8.2369,142.122446131723
678,230,3,2,56200.7076558142,8.253933333333,299.21123121331
679,231,1,1,556855.4608554,8.255966666667,
680,231,2,2,41710.7115175264,8.27345,170.1537319847
681,231,3,2,27716.362710303,8.290483333333,387.336324631552
682,232,1,1,535325.8966197,8.292516666667,
683,232,2,2,31144.9733808438,8.309983333333,128.106679963301
684,232,3,2,75071.1125845497,8.327016666667,174.128000336259
685,233,1,1,529624.1487889,8.32905,
686,233,2,2,33951.2567033704,8.346516666667,142.122430083263
687,233,3,2,16896.8353068658,8.363566666667,368.215185496037
688,234,1,1,541130.7517229,8.365583333333,
689,234,2,2,44624.0658995401,8.383066666667,170.153393744172
690,234,3,2,30184.8499569142,8.4001,387.33676589308
691,235,1,1,540481.3785187,8.402116666667,
692,235,2,2,69530.8205582928,8.419583333333,174.127631618722
693,235,3,2,54701.2429973784,8.436633333333,299.210966426122
694,236,1,1,533094.9079725,8.438633333333,
695,236,2,2,33879.4456784106,8.456133333333,142.122550722025
696,236,3,2,26264.5812861523,8.473183333333,363.336286120393
697,237,1,1,561413.7618709,8.4752,
698,237,2,2,30454.6417927285,8.4927,128.106629406036
699,237,3,2,42221.5711783031,8.509733333333,170.1534919635
700,238,1,1,526053.1037131,8.511766666667,
701,238,2,2,19554.840527614,8.529233333333,285.289950684105
702,238,3,2,55036.7512177417,8.546266666667,299.211119389389
703,239,1,1,506681.3799375,8.5483,
704,239,2,2,34688.0384006686,8.565783333333,142.12231373988
705,239,3,2,65522.4621381426,8.582816666667,174.12765569614
706,240,1,1,532526.7464445,8.584833333333,
707,240,2,2,28678.1718234821,8.602316666667,128.106658434923
708,240,3,2,42283.6535117826,8.61935,170.154043154645
709,241,1,1,514408.6276386,8.621366666667,
710,241,2,2,19482.3754969633,8.638833333333,285.289533183346
711,241,3,2,14279.57480017,8.655883333333,368.214935634277
712,242,1,1,508362.0579643,8.657883333333,
713,242,2,2,31135.7702195008,8.675366666667,142.122359750119
714,242,3,2,16594.9690223159,8.6924,273.205422936331
715,243,1,1,505042.4747093,8.694416666667,
716,243,2,2,42939.6764230318,8.7119,170.153759019646
717,243,3,2,53959.5585407677,8.72895,299.211281181211
718,244,1,1,497915.8032079,8.730966666667,
719,244,2,2,30584.3624684911,8.74845,128.106850572422
720,244,3,2,13763.0548937863,8.765483333333,368.215344216285
721,245,1,1,496037.343803,8.7675,
722,245,2,2,32165.9428976099,8.784983333333,142.122455154562
723,245,3,2,19557.5920242477,8.802016666667,285.289864836952
724,246,1,1,520604.1057604,8.804033333333,
725,246,2,2,43904.3334332868,8.821516666667,170.153957520011
726,246,3,2,64233.217318175,8.838566666667,174.127639594696
727,247,1,1,521855.738741,8.840583333333,
728,247,2,2,31289.4769411906,8.858066666667,128.10675919151
729,247,3,2,53224.4045169037,8.8751,299.210981553158
730,248,1,1,513292.9067029,8.877116666667,
731,248,2,2,34775.8446130763,8.894583333333,142.122493371386
732,248,3,2,14188.4477268347,8.911633333333,282.196062932578
733,249,1,1,534268.663657,8.91365,
734,249,2,2,42866.5077765217,8.93115,170.153784028318
735,249,3,2,62632.2350750356,8.9482,174.12728678594
736,250,1,1,517796.6070818,8.9502,
737,250,2,2,30981.6778101466,8.9677,128.106911494013
738,250,3,2,11549.7398329877,8.984733333333,387.279082670687
739,251,1,1,520472.4990248,8.986766666667,
740,251,2,2,31857.5263467148,9.004233333333,142.122606289163
741,251,3,2,19914.6949282079,9.021266666667,285.289368651002
742,252,1,1,513844.5288248,9.0233,
743,252,2,2,42634.6333152273,9.040783333333,170.153591815685
744,252,3,2,17175.2798845696,9.057816666667,273.205396308916
745,253,1,1,541710.5275817,9.059833333333,
746,253,2,2,30903.5561324162,9.077316666667,128.106645526339
747,253,3,2,20515.0868305947,9.094366666667,269.200772205542
748,254,1,1,540249.8094479,9.096383333333,
749,254,2,2,33308.4096766727,9.113866666667,142.122183476766
750,254,3,2,19223.2942065167,9.130916666667,285.289849533037
751,255,1,1,532944.0211146,9.132933333333,
752,255,2,2,43045.0465260897,9.150416666667,170.15412610335
753,255,3,2,52554.1891373709,9.167466666667,299.211210622487
754,256,1,1,568538.8316854,9.169466666667,
755,256,2,2,29571.7451886457,9.186983333333,128.106700243751
756,256,3,2,8335.97374483977,9.204016666667,489.226538667807
757,257,1,1,507162.1721263,9.206033333333,
758,257,2,2,34668.9606700887,9.223516666667,142.122515349894
759,257,3,2,19576.8678292536,9.240566666667,285.289791493364
760,258,1,1,544217.0787602,9.242583333333,
761,258,2,2,43181.1807609583,9.260066666667,170.153667711411
762,258,3,2,146969.9326819,9.277116666667,365.35223264807
763,259,1,1,795072.8993897,9.279133333333,
764,259,2,2,30956.0140056172,9.296633333333,128.106726076969
765,259,3,2,40153.5667498221,9.313666666667,306.278306785741
766,260,1,1,1020938.96926,9.315683333333,
767,260,2,2,34014.7155684273,9.333166666667,142.122210960102
768,260,3,2,49436.2726404394,9.3502,299.210594369498
769,261,1,1,846656.133351,9.352216666667,
770,261,2,2,44798.6426662105,9.369633333333,170.153857931737
771,261,3,2,134062.2738731,9.386666666667,365.352669834239
772,262,1,1,569569.6224247,9.388683333333,
773,262,2,2,31005.8638581011,9.40615,128.106400693963
774,262,3,2,6003.82679595941,9.423183333333,306.278350625211
775,263,1,1,730180.2891768,9.4252,
776,263,2,2,78403.4119052785,9.442716666667,389.351836755593
777,263,3,2,191456.4143856,9.459766666667,413.352107157629
778,264,1,1,1132004.808249,9.461783333333,
779,264,2,2,26088.9801824639,9.479266666667,330.278742591324
780,264,3,2,22737.2931048459,9.496316666667,354.278780774364
781,265,1,1,1188631.72688,9.498333333333,
782,265,2,2,32982.7860362687,9.515816666667,142.122761759912
783,265,3,2,44239.5898736873,9.53285,170.153890042591
784,266,1,1,841795.5488963,9.534866666667,
785,266,2,2,149782.6891827,9.552333333333,389.352638882719
786,266,3,2,41150.9282841204,9.569383333333,413.352524596848
787,267,1,1,581712.2426819,9.5714,
788,267,2,2,31218.6932375803,9.5889,128.106698003877
789,267,3,2,49446.6866774728,9.605933333333,299.211254631597
790,268,1,1,571020.4327148,9.60795,
791,268,2,2,34329.846565004,9.625433333333,142.122605863404
792,268,3,2,44093.8440352916,9.642483333333,170.153781477203
793,269,1,1,553951.8858218,9.644483333333,
794,269,2,2,13077.7093309833,9.661983333333,365.352709881372
795,269,3,2,19446.407458993,9.679016666667,413.351753809941
796,270,1,1,566776.7462409,9.681033333333,
797,270,2,2,32497.8008007711,9.698533333333,128.106604044822
798,270,3,2,19352.2892070291,9.715583333333,285.289449093775
799,271,1,1,567367.3809094,9.717583333333,
800,271,2,2,35420.5421143365,9.735066666667,142.122364552882
801,271,3,2,43089.1656004032,9.752116666667,170.153634236694
802,272,1,1,576252.7025013,9.754133333333,
803,272,2,2,49915.6402489667,9.771633333333,299.210816541049
804,272,3,2,24682.3658348217,9.788666666667,413.352034081282
805,273,1,1,576456.1272129,9.790683333333,
806,273,2,2,31393.9185935833,9.808183333333,128.106674760343
807,273,3,2,20097.4023380074,9.825216666667,285.289377919515
808,274,1,1,599766.76647,9.827233333333,
809,274,2,2,33430.2858853406,9.844733333333,142.122568195682
810,274,3,2,30174.9583228422,9.861766666667,389.35233714418
811,275,1,1,570397.5942369,9.863783333333,
812,275,2,2,45679.6439022507,9.881266666667,170.154075616596
813,275,3,2,50591.0973565602,9.898316666667,299.210676747692
814,276,1,1,565983.3434451,9.900333333333,
815,276,2,2,31581.452365783,9.917833333333,128.106802102179
816,276,3,2,25134.6535826278,9.934883333333,256.156269051617
817,277,1,1,556513.2187218,9.936883333333,
818,277,2,2,33936.2468643882,9.9544,142.12261000682
819,277,3,2,42743.0792753026,9.971433333333,251.046535281816
820,278,1,1,576367.2807508,9.973466666667,
821,278,2,2,43743.3494932475,9.990966666667,170.153658441442
822,278,3,2,20128.4010918823,10.008016666667,285.289664462779
823,279,1,1,571124.5316541,10.010033333333,
824,279,2,2,32253.667794659,10.027533333333,128.106798559399
825,279,3,2,50231.7805778641,10.044566666667,299.210634268213
826,280,1,1,554431.5152417,10.046583333333,
827,280,2,2,35887.6424852885,10.064083333333,142.12240591097
828,280,3,2,26989.1724473161,10.081116666667,251.046247548791
829,281,1,1,540533.864166,10.083133333333,
830,281,2,2,45812.2868600711,10.100633333333,170.153837263647
831,281,3,2,20128.300525855,10.117666666667,285.289679269497
832,282,1,1,562839.4566144,10.119683333333,
833,282,2,2,32672.5260990267,10.137183333333,128.106483993352
834,282,3,2,14852.3290051134,10.154216666667,282.196188309443
835,283,1,1,622362.3338415,10.156233333333,
836,283,2,2,35097.7629790924,10.17375,142.122463439463
837,283,3,2,140487.9376892,10.190783333333,415.368015463126
838,284,1,1,820851.7525494,10.192816666667,
839,284,2,2,88396.6555139836,10.210316666667,341.352326836485
840,284,3,2,24541.9586184083,10.227366666667,356.294392507744
841,285,1,1,924931.0817453,10.229383333333,
842,285,2,2,43887.9573246358,10.246883333333,170.153627714289
843,285,3,2,17032.6223496152,10.263916666667,282.278838139007
844,286,1,1,758586.8176689,10.265933333333,
845,286,2,2,32658.4249575095,10.28345,142.122463202516
846,286,3,2,50976.2051281934,10.300483333333,415.367807809183
847,287,1,1,587852.1396995,10.302516666667,
848,287,2,2,31254.8749314549,10.320016666667,128.106757356734
849,287,3,2,11624.6689078164,10.337066666667,341.352195636602
850,288,1,1,547053.4741595,10.339083333333,
851,288,2,2,44595.6743097859,10.356566666667,170.153530408279
852,288,3,2,16058.2455771274,10.373616666667,251.046751017668
853,289,1,1,628183.4344723,10.375633333333,
854,289,2,2,35402.4882075447,10.393133333333,142.122378320774
855,289,3,2,142759.6711137,10.410183333333,391.367854679079
856,290,1,1,816130.0764772,10.4122,
857,290,2,2,40316.1726047309,10.429683333333,298.203186967188
858,290,3,2,44025.1755400554,10.446733333333,304.262936845661
859,291,1,1,841922.1424802,10.448733333333,
860,291,2,2,45485.6576676709,10.466233333333,170.153666638517
861,291,3,2,20195.2774087813,10.483283333333,332.294537832726
862,292,1,1,696865.9127766,10.4853,
863,292,2,2,34969.457163304,10.502816666667,142.12277685365
864,292,3,2,41361.227201860704,10.51985,391.368241760346
865,293,1,1,592398.409357,10.521883333333,
866,293,2,2,30893.3987273158,10.539383333333,387.279130750801
867,293,3,2,21607.9194213569,10.556433333333,415.367688330551
868,294,1,1,590910.1306839,10.55845,
869,294,2,2,32982.1616541712,10.57595,128.106596688879
870,294,3,2,46474.3854181402,10.593,170.153654391143
871,295,1,1,582346.276089,10.595016666667,
872,295,2,2,33902.3266704912,10.612533333333,142.122689493822
873,295,3,2,17324.5629270275,10.629583333333,273.205429896053
874,296,1,1,607367.2180518,10.631583333333,
875,296,2,2,50668.9180126926,10.6491,299.211378201134
876,296,3,2,18879.4401020475,10.666133333333,387.27942006082
877,297,1,1,584136.5081241,10.66815,
878,297,2,2,32744.7887802462,10.685683333333,128.106731001116
879,297,3,2,46157.0151429445,10.702716666667,170.153427496056
880,298,1,1,567031.0419769,10.704733333333,
881,298,2,2,36121.3919700275,10.722233333333,142.122840814889
882,298,3,2,15683.0110000789,10.739266666667,282.196131548023
883,299,1,1,578534.4541491,10.741283333333,
884,299,2,2,49698.0468804139,10.7588,299.210681482886
885,299,3,2,16077.7862881854,10.775833333333,387.27878523445
886,300,1,1,579041.1384233,10.77785,
887,300,2,2,44241.9346040243,10.795383333333,170.153975775083
888,300,3,2,23218.8477217002,10.812433333333,391.368109121786
889,301,1,1,593905.3967504,10.81445,
890,301,2,2,32384.1425412556,10.83195,128.106554354786
891,301,3,2,34819.7120490605,10.849,142.122612802433
892,302,1,1,588408.8222496,10.851016666667,
893,302,2,2,49711.5299987494,10.868533333333,299.210970649603
894,302,3,2,15122.0256602545,10.885566666667,387.278305246394
895,303,1,1,569411.4142812,10.887583333333,
896,303,2,2,47044.1319846342,10.9051,170.153686993887
897,303,3,2,15468.1866477833,10.922133333333,282.196081530676
898,304,1,1,602993.9126359,10.92415,
899,304,2,2,33041.5122638378,10.941683333333,128.106528805587
900,304,3,2,35284.0627491722,10.958716666667,142.122294092813
901,305,1,1,605131.8600565,10.96075,
902,305,2,2,20002.6543556066,10.978283333333,285.289729293566
903,305,3,2,11754.176851269,10.995316666667,369.28908055811
904,306,1,1,571582.1369441,10.99735,
905,306,2,2,45304.3389877817,11.014866666667,170.154156753479
906,306,3,2,50322.973513323,11.0319,299.210659029054
907,307,1,1,602080.9092559,11.033916666667,
908,307,2,2,31519.0054522402,11.051416666667,128.106637247052
909,307,3,2,36307.7021067727,11.068466666667,142.122573342696
910,308,1,1,581913.6007759,11.070483333333,
911,308,2,2,17821.429550675,11.088,273.205431381175
912,308,3,2,19482.1798806835,11.10505,285.289676173771
913,309,1,1,575769.0029751,11.107066666667,
914,309,2,2,45838.9234710696,11.124583333333,170.153626303488
915,309,3,2,15738.7511904687,11.141616666667,282.195965365926
916,310,1,1,582225.1777891,11.143633333333,
917,310,2,2,31227.6038385411,11.16115,128.106603212792
918,310,3,2,36882.2479976374,11.178183333333,142.122390873459
919,311,1,1,589061.5022832,11.1802,
920,311,2,2,31461.3720485123,11.1977,222.196526186725
921,311,3,2,13271.6647819842,11.21475,369.28944649064
922,312,1,1,604395.2330436,11.216766666667,
923,312,2,2,46617.5880238335,11.2343,170.153723657606
924,312,3,2,16019.9119621121,11.251333333333,282.195915222848
925,313,1,1,611444.1346982,11.25335,
926,313,2,2,36601.321650116,11.270883333333,142.122544211728
927,313,3,2,53893.3203520384,11.287916666667,410.261959120035
928,314,1,1,621739.4327169,11.289933333333,
929,314,2,2,33262.6263383087,11.30745,128.106511603608
930,314,3,2,17323.2238712262,11.3245,273.205851895032
931,315,1,1,602070.8610795,11.326516666667,
932,315,2,2,47191.3723205927,11.344016666667,170.153578637256
933,315,3,2,49700.9927403911,11.361066666667,299.211473869389
934,316,1,1,605219.9107151,11.363083333333,
935,316,2,2,36226.4194510712,11.380616666667,142.122451925329
936,316,3,2,31498.0476395287,11.39765,410.262075770813
937,317,1,1,631746.799791,11.399666666667,
938,317,2,2,32952.2530241261,11.4172,128.106495468703
939,317,3,2,20051.817644024,11.43425,285.289789646725
940,318,1,1,664609.8625195,11.43625,
941,318,2,2,49954.0429190392,11.453783333333,299.210996460581
942,318,3,2,132735.5079822,11.470833333333,417.383073699773
943,319,1,1,801918.2372411,11.47285,
944,319,2,2,35289.2255293901,11.49035,142.122574510396
945,319,3,2,28702.160058069,11.507383333333,358.310243962229
946,320,1,1,889733.1480594,11.509416666667,
947,320,2,2,47269.9715805062,11.526933333333,170.153544241757
948,320,3,2,13032.7248730868,11.543966666667,419.390100481892
949,321,1,1,724245.414165,11.545983333333,
950,321,2,2,20175.2738144001,11.5635,410.262285422749
951,321,3,2,44517.4229122819,11.58055,417.383763265956
952,322,1,1,628176.3186093,11.582566666667,
953,322,2,2,36407.6803875342,11.600083333333,142.122769115673
954,322,3,2,52723.8888682764,11.617133333333,299.210670227912
955,323,1,1,628425.5990153,11.61915,
956,323,2,2,48385.046061167,11.636666666667,170.153763820815
957,323,3,2,37763.9268097755,11.653716666667,306.278106528587
958,324,1,1,685731.7333609,11.655716666667,
959,324,2,2,34100.5473489541,11.67325,128.106724503455
960,324,3,2,18741.8501469429,11.690283333333,410.262070675485
961,325,1,1,721886.7588049,11.6923,
962,325,2,2,36771.9206583976,11.70985,142.122735224407
963,325,3,2,58243.2008687096,11.726883333333,330.278957414522
964,326,1,1,762090.97532,11.728916666667,
965,326,2,2,49229.7551373649,11.746466666667,170.153805258403
966,326,3,2,68007.2534553099,11.763516666667,299.210827529621
967,327,1,1,801849.7281836,11.765533333333,
968,327,2,2,56923.1393727792,11.783066666667,306.278550731643
969,327,3,2,32642.7253772475,11.800116666667,417.38312694492
970,328,1,1,813337.0237093,11.802133333333,
971,328,2,2,35069.3564634537,11.819683333333,128.106843180575
972,328,3,2,36767.387797817,11.836716666667,142.122598527335
973,329,1,1,884031.0288464,11.83875,
974,329,2,2,60590.3109955027,11.8563,347.248040860028
975,329,3,2,75506.2431653867,11.87335,520.368900836593
976,330,1,1,934185.320206,11.875366666667,
977,330,2,2,51347.9316603689,11.892933333333,170.153710014133
978,330,3,2,86798.6979398486,11.909983333333,174.12749949883
979,331,1,1,973307.4145371,11.911983333333,
980,331,2,2,37389.3877512801,11.929583333333,142.122758600955
981,331,3,2,36476.448928855,11.946633333333,269.200511141432
982,332,1,1,986210.7544177,11.948633333333,
983,332,2,2,40331.0798696543,11.96625,347.248143390308
984,332,3,2,34784.624836334,11.983283333333,520.368331541539
985,333,1,1,1115180.363655,11.9853,
986,333,2,2,52269.8767607794,12.002933333333,170.153968672579
987,333,3,2,83912.5330253814,12.019983333333,174.127997883274
988,334,1,1,1088501.390989,12.022,
989,334,2,2,40387.6312423639,12.039633333333,142.122737153222
990,334,3,2,24144.4623016088,12.056666666667,410.261821501134
991,335,1,1,1179280.673572,12.0587,
992,335,2,2,43704.0164053548,12.07635,269.200594547022
993,335,3,2,28532.3109464183,12.093383333333,520.367813858856
994,336,1,1,1223892.60286,12.0954,
995,336,2,2,86260.9774028232,12.113033333333,174.12752118966
996,336,3,2,17103.2076177687,12.130083333333,369.383336195967
997,337,1,1,1272521.380091,12.1321,
998,337,2,2,41284.9338972811,12.149783333333,142.122428992182
999,337,3,2,28057.6745119354,12.166816666667,385.195330569831
1000,338,1,1,1389475.625664,12.168833333333,
1001,338,2,2,96677.0837291652,12.18655,299.210818381901
1002,338,3,2,16277.9308108848,12.203583333333,356.294186006182
1003,339,1,1,1301162.690551,12.2056,
1004,339,2,2,55832.2643568752,12.223283333333,170.153759771999
1005,339,3,2,19036.489543027,12.240316666667,267.023290341778
1006,340,1,1,1584969.815046,12.242333333333,
1007,340,2,2,106524.9921959,12.260033333333,387.279294610667
1008,340,3,2,85260.5125694412,12.277066666667,560.39971746674
1009,341,1,1,1551109.651211,12.279083333333,
1010,341,2,2,40219.0999763247,12.296816666667,142.122609952315
1011,341,3,2,37401.4265202982,12.31385,478.243886506116
1012,342,1,1,1518793.854669,12.315883333333,
1013,342,2,2,58310.8358846181,12.333616666667,170.154033947868
1014,342,3,2,80035.1002581667,12.35065,347.247948419734
1015,343,1,1,1752385.0784,12.352683333333,
1016,343,2,2,58903.0981282766,12.370433333333,387.279038807668
1017,343,3,2,42595.3623290033,12.387466666667,693.488850082247
1018,344,1,1,1718965.270039,12.3895,
1019,344,2,2,41644.1110619214,12.407233333333,142.122612078054
1020,344,3,2,28617.7780258083,12.424283333333,420.346753386611
1021,345,1,1,2074421.719068,12.4263,
1022,345,2,2,172540.2169403,12.444066666667,480.259837932544
1023,345,3,2,109289.1694108,12.461116666667,560.399166625186
1024,346,1,1,1878855.844948,12.463133333333,
1025,346,2,2,58277.6781146045,12.480866666667,387.278738628267
1026,346,3,2,7596.9790466442,12.497916666667,733.519380658744
1027,347,1,1,2004415.129351,12.499916666667,
1028,347,2,2,70785.4909793448,12.517683333333,299.210209573511
1029,347,3,2,45265.6909635096,12.534716666667,347.24775538976
1030,348,1,1,2074009.645361,12.536733333333,
1031,348,2,2,116042.0649471,12.554483333333,338.283772074967
1032,348,3,2,29935.039695282,12.571533333333,560.398716929448
1033,349,1,1,1737073.121902,12.573533333333,
1034,349,2,2,43635.6263837962,12.591266666667,142.122822917037
1035,349,3,2,49449.1480214315,12.608316666667,387.278856376303
1036,350,1,1,1785236.921937,12.610316666667,
1037,350,2,2,61947.4255812389,12.628083333333,170.153952774656
1038,350,3,2,31110.2719399422,12.645133333333,282.19609624669
1039,351,1,1,1724500.332194,12.647133333333,
1040,351,2,2,26599.2517767196,12.6649,419.315050483211
1041,351,3,2,10665.4216595712,12.68195,470.419817056153
1042,352,1,1,1551116.449006,12.68395,
1043,352,2,2,42945.341493509,12.701783333333,142.122502499061
1044,352,3,2,37683.6169585863,12.718816666667,152.142788948347
1045,353,1,1,1608884.185267,12.720816666667,
1046,353,2,2,60345.8997718273,12.738583333333,170.153847700528
1047,353,3,2,32938.3293613888,12.755616666667,282.195829887646
1048,354,1,1,1633419.693401,12.75765,
1049,354,2,2,10750.1474466295,12.7754,135.080487134978
1050,354,3,2,39742.5329695945,12.792433333333,279.177549398728
1051,355,1,1,1529884.569335,12.79445,
1052,355,2,2,60897.594018004,12.812183333333,298.203214784525
1053,355,3,2,27962.4406454161,12.829216666667,394.346493573888
1054,356,1,1,1523669.978903,12.83125,
1055,356,2,2,42605.65120131,12.848983333333,142.12221287377
1056,356,3,2,10370.5948430441,12.866033333333,537.879054595829
1057,357,1,1,1603048.654189,12.86805,
1058,357,2,2,24777.1853104627,12.885816666667,309.242048427362
1059,357,3,2,21677.6513153143,12.902866666667,626.534651745409
1060,358,1,1,1489561.822685,12.904866666667,
1061,358,2,2,25954.1887855565,12.9226,112.111884709982
1062,358,3,2,61720.5472131172,12.93965,299.210579210509
1063,359,1,1,1417057.900085,12.94165,
1064,359,2,2,45006.5267295363,12.9594,142.122501434011
1065,359,3,2,10651.35605493,12.97645,537.87915603994
1066,360,1,1,1413062.386632,12.97845,
1067,360,2,2,31634.7240227458,12.9962,282.196046132287
1068,360,3,2,62118.8355430657,13.013233333333,298.203185953961
1069,361,1,1,1514701.32996,13.015266666667,
1070,361,2,2,62990.7683627737,13.033016666667,170.154088685176
1071,361,3,2,10378.7747389786,13.05005,628.549830570418
1072,362,1,1,1585530.378282,13.052083333333,
1073,362,2,2,43291.8819467694,13.06985,142.12259562672
1074,362,3,2,4057.3816077335,13.0869,663.45264279147
1075,363,1,1,1479663.631619,13.088916666667,
1076,363,2,2,59544.9947485198,13.10665,299.21058539438
1077,363,3,2,11488.7970627543,13.123683333333,537.878917759755
1078,364,1,1,1469170.408421,13.1257,
1079,364,2,2,61888.8244755199,13.143433333333,170.153779301144
1080,364,3,2,32089.0168032582,13.160483333333,282.196057609337
1081,365,1,1,1585352.272227,13.1625,
1082,365,2,2,44447.0179255737,13.180266666667,142.122519444965
1083,365,3,2,58832.3136243337,13.1973,298.203330269489
1084,366,1,1,1547668.523427,13.199316666667,
1085,366,2,2,36225.426332753,13.21705,453.89403534894
1086,366,3,2,6546.58499280939,13.2341,623.014187059437
1087,367,1,1,1510597.523443,13.236116666667,
1088,367,2,2,27097.4995613056,13.253833333333,112.112000117753
1089,367,3,2,58484.1892988216,13.270866666667,299.210669179612
1090,368,1,1,1592080.000849,13.272883333333,
1091,368,2,2,44861.533116794,13.290633333333,142.122435503566
1092,368,3,2,59885.9908048622,13.307683333333,298.202987962014
1093,369,1,1,1811425.975649,13.309683333333,
1094,369,2,2,44799.9048872564,13.327466666667,453.894213423731
1095,369,3,2,61692.4743932259,13.344516666667,548.502612076801
1096,370,1,1,1607117.57898,13.346533333333,
1097,370,2,2,28510.333981294,13.364266666667,112.111750340685
1098,370,3,2,55640.0740690068,13.381316666667,299.210460260473
1099,371,1,1,1784758.39825,13.383333333333,
1100,371,2,2,43703.9741544647,13.4011,142.122430572952
1101,371,3,2,28613.5381305251,13.418133333333,425.898860630093
1102,372,1,1,1813054.04201,13.42015,
1103,372,2,2,42231.8812717304,13.438,453.894172505884
1104,372,3,2,38203.1894166248,13.45505,481.889242919418
1105,373,1,1,1768726.39122,13.457066666667,
1106,373,2,2,61213.3799717501,13.4748,170.153853655902
1107,373,3,2,13298.5713814333,13.49185,537.878861871849
1108,374,1,1,1787089.356537,13.493866666667,
1109,374,2,2,42574.0945948809,13.511633333333,142.122701151615
1110,374,3,2,61618.6241326261,13.528666666667,298.203190572276
1111,375,1,1,1839009.186067,13.530683333333,
1112,375,2,2,58072.978298911,13.548466666667,453.894044915555
1113,375,3,2,45159.6433756366,13.5655,481.888662898006
1114,376,1,1,1891978.471447,13.567516666667,
1115,376,2,2,27142.6818304254,13.5853,112.111812305524
1116,376,3,2,37938.5051674157,13.602333333333,425.898665557316
1117,377,1,1,1511779.109716,13.60435,
1118,377,2,2,40529.7021179243,13.622066666667,142.12264583254
1119,377,3,2,10202.827445025,13.639116666667,537.87892104208
1120,378,1,1,542456.1875195,13.641133333333,
1121,378,2,2,34436.568190634,13.658666666667,128.106562513986
1122,378,3,2,18536.9218538383,13.675716666667,285.289871901792
1123,379,1,1,292316.0643794,13.677716666667,
1124,379,2,2,16125.288917174,13.69515,136.021094795427
1125,379,3,2,15312.8604017425,13.712183333333,273.205813320717
1126,380,1,1,222691.5057486,13.7142,
1127,380,2,2,19425.6932183236,13.731616666667,142.122291601667
1128,380,3,2,16435.5541780791,13.74865,194.117789846797
1129,381,1,1,190719.6046242,13.750666666667,
1130,381,2,2,18766.3933334602,13.768066666667,128.106661382513
1131,381,3,2,15545.1400169043,13.7851,285.289515595266
1132,382,1,1,193299.0683201,13.787133333333,
1133,382,2,2,12626.6321260107,13.804533333333,136.021070832268
1134,382,3,2,13914.8753320703,13.821566666667,273.205902166436
1135,383,1,1,179705.1616476,13.823583333333,
1136,383,2,2,16989.3687453408,13.8579,142.122219277341
1137,384,1,1,177775.7445162,13.85995,
1138,384,2,2,14883.3211493128,13.894283333333,285.28994947325
1139,385,1,1,176114.4337349,13.89635,
1140,385,2,2,17016.4336301346,13.913716666667,128.106045083185
1141,385,3,2,13274.6499882765,13.930766666667,273.205678605101
1142,386,1,1,158301.4712408,13.932766666667,
1143,386,2,2,18126.0787839657,13.950133333333,114.090503538968
1144,386,3,2,16155.5043878815,13.967166666667,142.122627880213
1145,387,1,1,173929.2602779,13.9692,
1146,387,2,2,15230.9244171794,13.986583333333,194.117285510013
1147,387,3,2,13248.5435839996,14.003616666667,285.290028481548
1148,388,1,1,170622.5873425,14.005633333333,
1149,388,2,2,14905.4032765874,14.023,128.106577166646
1150,388,3,2,13138.2566940171,14.040033333333,273.205525572156
1151,389,1,1,170070.2672006,14.04205,
1152,389,2,2,16878.0109918555,14.059433333333,114.09081399941
1153,389,3,2,15624.1776120083,14.076483333333,142.121994252934
1154,390,1,1,172715.2811467,14.078483333333,
1155,390,2,2,15684.3485696417,14.095866666667,194.116734041451
1156,390,3,2,13692.2813748993,14.1129,285.289060855332
1157,391,1,1,162204.405886,14.114916666667,
1158,391,2,2,14682.2234255499,14.1323,128.106673687341
1159,391,3,2,13090.1744257894,14.149333333333,273.205770097392
1160,392,1,1,180731.2520208,14.151333333333,
1161,392,2,2,17125.5515651662,14.185666666667,142.122131673957
1162,393,1,1,176018.440541,14.187733333333,
1163,393,2,2,15575.9994800361,14.2051,194.116935593339
1164,393,3,2,13830.3836225684,14.22215,285.289608402278
1165,394,1,1,176081.6555236,14.224166666667,
1166,394,2,2,14012.2169147799,14.258483333333,273.205617200372
1167,395,1,1,181479.6581699,14.260566666667,
1168,395,2,2,18204.8511530889,14.27795,114.091026143517
1169,395,3,2,16877.3109932541,14.295,142.122674977581
1170,396,1,1,169299.0569394,14.297016666667,
1171,396,2,2,14722.9016417485,14.3144,128.106769699709
1172,396,3,2,13685.1474402288,14.331433333333,285.290272676304
1173,397,1,1,167554.2263575,14.33345,
1174,397,2,2,16446.5129723548,14.350816666667,194.117839831586
1175,397,3,2,13033.1043139007,14.36785,273.205660320629
1176,398,1,1,171128.6972504,14.369883333333,
1177,398,2,2,17905.2762515112,14.387233333333,114.090979148783
1178,398,3,2,16449.4299165479,14.404283333333,142.122225040812
1179,399,1,1,175638.9751026,14.4063,
1180,399,2,2,12115.2862534949,14.423666666667,136.021222013912
1181,399,3,2,14164.2963352736,14.4407,285.289414554692
1182,400,1,1,175985.1612174,14.442716666667,
1183,400,2,2,14589.8406284185,14.4601,128.106254836725
1184,400,3,2,15459.5677945984,14.477133333333,194.116809414754
1185,401,1,1,176026.3465717,14.47915,
1186,401,2,2,15367.4586320626,14.496516666667,142.122139377171
1187,401,3,2,12625.2664427285,14.51355,273.205582243692
1188,402,1,1,172000.1709613,14.515566666667,
1189,402,2,2,18254.7614977756,14.53295,114.090936435742
1190,402,3,2,14118.4499275902,14.549983333333,285.289451588773
1191,403,1,1,169305.4816816,14.552,
1192,403,2,2,16800.4467114374,14.586333333333,194.116763595392
1193,404,1,1,169751.7491277,14.588383333333,
1194,404,2,2,13989.3402612917,14.60575,128.106272716927
1195,404,3,2,14809.2777113306,14.6228,142.122351852702
1196,405,1,1,167933.2559405,14.6248,
1197,405,2,2,12523.989977888,14.642166666667,273.205638724795
1198,405,3,2,13758.3803461352,14.659216666667,285.290070619209
1199,406,1,1,180472.493601,14.661233333333,
1200,406,2,2,15273.6446209521,14.678616666667,194.117084378977
1201,406,3,2,17512.573065325,14.69565,224.127730187037
1202,407,1,1,178771.142968,14.697666666667,
1203,407,2,2,16368.829661809,14.71505,114.090471371773
1204,407,3,2,15836.183072022,14.732083333333,142.122190261699
1205,408,1,1,164786.721932,14.7341,
1206,408,2,2,12442.747771062,14.751466666667,273.205909277487
1207,408,3,2,13587.6867384848,14.7685,285.289817674636
1208,409,1,1,174607.9675638,14.770516666667,
1209,409,2,2,14240.8617115754,14.787883333333,128.107006400564
1210,409,3,2,12251.4352920523,14.804933333333,136.020966078436
1211,410,1,1,168647.079892,14.806933333333,
1212,410,2,2,16339.5557311884,14.8243,142.122282678947
1213,410,3,2,15808.903778118,14.84135,194.116740687333
1214,411,1,1,166197.3514013,14.843366666667,
1215,411,2,2,13148.6786533749,14.860733333333,273.205617765092
1216,411,3,2,14084.297043506,14.877783333333,285.288920217899
1217,412,1,1,166773.8861153,14.879783333333,
1218,412,2,2,17852.8138836743,14.897133333333,114.091126422581
1219,412,3,2,14233.1863221592,14.914183333333,128.10651001097
1220,413,1,1,164246.3279902,14.916183333333,
1221,413,2,2,12684.5196550599,14.933533333333,136.02097905358
1222,413,3,2,15931.0629702849,14.950583333333,142.122152662132
1223,414,1,1,169717.1118664,14.9526,
1224,414,2,2,15636.7012166837,14.969966666667,194.117903841751
1225,414,3,2,13923.2560991493,14.987,285.28940073613
1226,415,1,1,166262.8998863,14.989016666667,
1227,415,2,2,14454.1342220216,15.006383333333,128.107002966862
1228,415,3,2,12592.2317879415,15.023416666667,273.20561123932
